FK,SP,151001,Grujic,Milivoje,Ana,Z,Beograd,381632142414,0909997865599,09/09/1997
FK,SP,161103,Zoric,Nebojsa,Milan,M,Beograd,381622948512,1112000288826,11/12/2000
FK,SP,171101,Tomicevic,Jovan,Violeta,Z,Beograd,381652345864,2309997486339,23/09/1997
FK,SP,181206,Jovanov,Pavle,Jelena,Z,Beograd,381623105120,0804999612522,08/04/1999
FK,SP,191203,Tatomirovic,Dimitrije,Vladislav,M,Novi Sad,381611847295,1502998778833,15/02/1998
FK,SP,201207,Kosijer,Mirko,Dejan,M,Novi Sad,381642947563,1804000117888,18/04/2000
IR,IT,162311,Suvic,Anastazija,Mina,Z,Beograd,381622847529,1307998772159,13/07/1998
IR,IT,172507,Dragosavljevic,Marko,Djordje,M,Beograd,381631947385,1507999485120,15/07/1999
IR,IT,182512,Stefanovic,Strahinja,Ivan,M,Beograd,381601859306,0107000579235,01/07/2000
IR,IT,192302,Mazic,Stefan,Aleksandra,Z,Beograd,381611837452,0411997688833,04/11/1997
IR,IT,192503,Milinkovic,Milica,Mladen,M,Novi Sad,381631846305,0603997753770,06/03/1997
IR,IT,202306,Dostanic,Nemanja,Branko,M,Beograd,381651843058,1802997282476,18/02/1997
PF,PO,174212,Mirkovic,Todor,Katarina,Z,Beograd,381633254982,2305000207943,23/05/2000
PF,PO,184204,Perunovic,Petar,Milovan,M,Novi Sad,381661049538,2502000728286,25/02/2000
PF,PO,184306,Cvetincanin,Zora,Kristina,Z,Novi Sad,381642863469,1104000182497,11/04/2000
PF,PO,194208,Pavic,Borislav,Darko,M,Sremska Mitrovica,381622306923,2807000957778,28/07/2000
PF,PO,194307,Milic,Predrag,Dalma,Z,Beograd,381642958421,1608999527041,16/08/1999
PF,PO,204303,Jancic,Maksim,Lazar,M,Beograd,381631260493,1004000190907,10/04/2000
TF,IT,182708,Milakovic,Nenad,Marija,Z,Beograd,381622948376,2808997270266,28/08/1997
TF,IT,192701,Markovic,Milan,Igor,M,Novi Sad,381645551323,1610000748687,16/10/2000
TF,IT,192709,Zdelar,Slobodan,Bojan,M,Sremska Mitrovica,381645556356,0609999444489,06/09/1999
TH,TH,173205,Milkovic,Albert,Filip,M,Beograd,381627938150,0312000706555,03/12/2000
TH,TH,183207,Starovic,Ognjen,Dusko,M,Nis,381631133245,1104999596174,11/04/1999
TH,TH,183304,Maticic,Luka,Lena,Z,Beograd,381602836548,1708000302345,17/08/2000
TH,TH,193108,Dzombeta,Nikola,Dusan,M,Nis,381669534876,1409000506754,14/09/2000
TH,TH,193307,Krstic,Anastazija,Mihajlo,M,Beograd,381602164065,0903000583491,09/03/2000
TH,TH,193308,Pantic,Robert,Vesna,Z,Beograd,381614356333,0308999489667,03/08/1999
TH,TH,203103,Novakovic,Nikola,Ivana,Z,Novi Sad,381655334568,2411997147809,24/11/1997
TH,TH,203112,Rasulic,Vladan,Isidora,Z,Beograd,381641234555,1004998455702,10/04/1998
TH,TH,203206,Mihajlovic,Igor,Drago,M,Beograd,381634435678,1502998833997,15/02/1998
